data_variable_size,fdr,tpr,fpr,shd,nnz
10,0.0,0.125,0.0,7,1
10,0.0,0.0,0.0,8,0
10,0.0,0.058823529411764705,0.0,16,1
20,0.0,0.3,0.0,14,6
20,0.0,0.12,0.0,22,3
20,0.5,0.043478260869565216,0.005988023952095809,23,2
30,0.0,0.038461538461538464,0.0,25,1
30,0.3333333333333333,0.1935483870967742,0.007425742574257425,27,9
30,0.2,0.1111111111111111,0.002506265664160401,33,5
40,0.3125,0.3548387096774194,0.006675567423230975,24,16
40,0.2,0.09302325581395349,0.0013568521031207597,40,5
40,0.6666666666666666,0.044444444444444446,0.005442176870748299,46,6
50,0.14285714285714285,0.10909090909090909,0.0008547008547008547,50,7
50,0.3333333333333333,0.19230769230769232,0.004262574595055414,47,15
50,0.0,0.1016949152542373,0.0,53,6
60,0.125,0.1111111111111111,0.0005858230814294083,57,8
60,0.0,0.03636363636363636,0.0,53,2
60,0.21428571428571427,0.1774193548387097,0.001756440281030445,54,14
70,0.3333333333333333,0.08,0.001282051282051282,71,9
70,0.25,0.05263157894736842,0.00042408821034775233,55,4
70,0.16666666666666666,0.1388888888888889,0.0008536064874093043,63,12
80,0.2,0.05263157894736842,0.00032425421530479895,73,5
80,0.13333333333333333,0.12380952380952381,0.0006546644844517185,94,15
80,0.5555555555555556,0.05194805194805195,0.001621796951021732,77,9
90,0.2857142857142857,0.12345679012345678,0.0010193679918450561,75,14
90,0.09090909090909091,0.1,0.00025608194622279127,91,11
90,0.23809523809523808,0.17582417582417584,0.0012774655084312723,80,21
100,0.13333333333333333,0.13978494623655913,0.00041177681696520483,82,15
100,0.375,0.045871559633027525,0.0006197066721751704,106,8
100,0.09090909090909091,0.08064516129032258,0.00020721094073767094,115,11
